,strikePrice,expiryDate_x,underlying_x,identifier_x,openInterest_x,changeinOpenInterest_x,pchangeinOpenInterest_x,totalTradedVolume_x,impliedVolatility_x,lastPrice_x,change_x,pChange_x,totalBuyQuantity_x,totalSellQuantity_x,bidQty_x,bidprice_x,askQty_x,askPrice_x,underlyingValue_x,expiryDate_y,underlying_y,identifier_y,openInterest_y,changeinOpenInterest_y,pchangeinOpenInterest_y,totalTradedVolume_y,impliedVolatility_y,lastPrice_y,change_y,pChange_y,totalBuyQuantity_y,totalSellQuantity_y,bidQty_y,bidprice_y,askQty_y,askPrice_y,underlyingValue_y
0,9300,12-Nov-2020,NIFTY,OPTIDXNIFTY12-11-2020CE9300.00,1,0,0.0,0,0,3390.2,0.0,0.0,9150,8100,300,3361.5,75,3426.2,12690.8,12-Nov-2020,NIFTY,OPTIDXNIFTY12-11-2020PE9300.00,5310,1574,42.13062098501071,5899,0,0.05,-0.7999999999999999,-94.11764705882352,0,113625,0,0.0,25500,0.1,12690.8
1,9350,12-Nov-2020,NIFTY,OPTIDXNIFTY12-11-2020CE9350.00,0,0,0.0,0,0,0.0,0.0,0.0,6375,6375,4875,3144.55,1500,3448.35,12690.8,12-Nov-2020,NIFTY,OPTIDXNIFTY12-11-2020PE9350.00,98,-4,-3.9215686274509802,6253,0,0.05,-0.95,-95.0,0,64200,0,0.0,3000,0.1,12690.8
2,9400,12-Nov-2020,NIFTY,OPTIDXNIFTY12-11-2020CE9400.00,0,0,0.0,0,0,0.0,0.0,0.0,6375,7350,1500,3113.8,975,3339.25,12690.8,12-Nov-2020,NIFTY,OPTIDXNIFTY12-11-2020PE9400.00,452,145,47.23127035830619,1333,0,0.05,-0.85,-94.44444444444444,0,49575,0,0.0,300,0.05,12690.8
3,9450,12-Nov-2020,NIFTY,OPTIDXNIFTY12-11-2020CE9450.00,0,0,0.0,0,0,0.0,0.0,0.0,6375,6375,4875,3050.0,1500,3348.8,12690.8,12-Nov-2020,NIFTY,OPTIDXNIFTY12-11-2020PE9450.00,534,451,543.3734939759037,1911,0,0.05,-0.85,-94.44444444444444,0,50700,0,0.0,2100,0.15,12690.8
4,9500,12-Nov-2020,NIFTY,OPTIDXNIFTY12-11-2020CE9500.00,0,0,0.0,0,0,0.0,0.0,0.0,6375,7350,1500,3003.3,975,3238.95,12690.8,12-Nov-2020,NIFTY,OPTIDXNIFTY12-11-2020PE9500.00,5188,-34,-0.6510915358100344,3657,0,0.05,-0.85,-94.44444444444444,0,82650,0,0.0,3975,0.05,12690.8
5,9550,12-Nov-2020,NIFTY,OPTIDXNIFTY12-11-2020CE9550.00,0,0,0.0,0,0,0.0,0.0,0.0,6375,6375,1500,2971.15,1500,3240.1,12690.8,12-Nov-2020,NIFTY,OPTIDXNIFTY12-11-2020PE9550.00,85,0,0.0,42,0,0.05,-0.85,-94.44444444444444,0,57450,0,0.0,3000,0.1,12690.8
6,9600,12-Nov-2020,NIFTY,OPTIDXNIFTY12-11-2020CE9600.00,0,0,0.0,0,0,0.0,0.0,0.0,6375,7350,1500,2922.7,975,3139.25,12690.8,12-Nov-2020,NIFTY,OPTIDXNIFTY12-11-2020PE9600.00,66,0,0.0,74,0,0.05,-0.6499999999999999,-92.85714285714285,0,68475,0,0.0,1950,0.05,12690.8
7,9650,12-Nov-2020,NIFTY,OPTIDXNIFTY12-11-2020CE9650.00,0,0,0.0,0,0,0.0,0.0,0.0,6375,6375,4875,2860.8,1500,3136.95,12690.8,12-Nov-2020,NIFTY,OPTIDXNIFTY12-11-2020PE9650.00,67,67,0.0,2496,0,0.05,-64.85000000000001,-99.92295839753467,0,59400,0,0.0,300,0.1,12690.8
8,9700,12-Nov-2020,NIFTY,OPTIDXNIFTY12-11-2020CE9700.00,1,0,0.0,0,0,2889.65,0.0,0.0,6375,7350,4875,2802.9,975,3039.25,12690.8,12-Nov-2020,NIFTY,OPTIDXNIFTY12-11-2020PE9700.00,325,227,231.6326530612245,1215,0,0.05,-0.85,-94.44444444444444,0,62325,0,0.0,2250,0.05,12690.8
9,9750,12-Nov-2020,NIFTY,OPTIDXNIFTY12-11-2020CE9750.00,0,0,0.0,0,0,0.0,0.0,0.0,6375,6375,1500,2758.5,1500,3035.9,12690.8,12-Nov-2020,NIFTY,OPTIDXNIFTY12-11-2020PE9750.00,0,0,0.0,2856,0,0.05,-69.10000000000001,-99.92769342010124,0,52575,0,0.0,75,0.2,12690.8
10,9800,12-Nov-2020,NIFTY,OPTIDXNIFTY12-11-2020CE9800.00,0,0,0.0,0,0,0.0,0.0,0.0,6450,7425,1500,2770.6,75,2911.1,12690.8,12-Nov-2020,NIFTY,OPTIDXNIFTY12-11-2020PE9800.00,364,-85,-18.93095768374165,330,0,0.1,-0.8,-88.8888888888889,0,54075,0,0.0,4800,0.1,12690.8
11,9850,12-Nov-2020,NIFTY,OPTIDXNIFTY12-11-2020CE9850.00,0,0,0.0,0,0,0.0,0.0,0.0,6375,6375,4875,2653.1,1500,2934.45,12690.8,12-Nov-2020,NIFTY,OPTIDXNIFTY12-11-2020PE9850.00,28,28,0.0,28,0,0.05,-82.25,-99.93924665856623,0,52200,0,0.0,2100,0.05,12690.8
12,9900,12-Nov-2020,NIFTY,OPTIDXNIFTY12-11-2020CE9900.00,0,0,0.0,0,0,0.0,0.0,0.0,6450,7425,1500,2682.95,75,2808.55,12690.8,12-Nov-2020,NIFTY,OPTIDXNIFTY12-11-2020PE9900.00,262,34,14.912280701754385,1419,0,0.05,-0.7999999999999999,-94.11764705882352,0,95550,0,0.0,17175,0.1,12690.8
13,9950,12-Nov-2020,NIFTY,OPTIDXNIFTY12-11-2020CE9950.00,0,0,0.0,0,0,0.0,0.0,0.0,6375,6375,4875,2554.45,1500,2831.65,12690.8,12-Nov-2020,NIFTY,OPTIDXNIFTY12-11-2020PE9950.00,0,0,0.0,0,0,0.0,0.0,0.0,0,45075,0,0.0,75,0.15,12690.8
14,10000,12-Nov-2020,NIFTY,OPTIDXNIFTY12-11-2020CE10000.00,2,0,0.0,0,0,2630.0,0.0,0.0,7350,7350,975,2645.35,975,2739.25,12690.8,12-Nov-2020,NIFTY,OPTIDXNIFTY12-11-2020PE10000.00,14041,-1262,-8.246749003463373,10217,0,0.05,-0.8999999999999999,-94.73684210526315,0,105075,0,0.0,20175,0.05,12690.8
15,10050,12-Nov-2020,NIFTY,OPTIDXNIFTY12-11-2020CE10050.00,0,0,0.0,0,0,0.0,0.0,0.0,6450,6450,1500,2536.45,1500,2794.55,12690.8,12-Nov-2020,NIFTY,OPTIDXNIFTY12-11-2020PE10050.00,13,-13,-50.0,31,0,0.05,-1.0,-95.23809523809523,0,52500,0,0.0,4050,0.2,12690.8
16,10100,12-Nov-2020,NIFTY,OPTIDXNIFTY12-11-2020CE10100.00,0,0,0.0,0,0,0.0,0.0,0.0,7350,7425,975,2545.35,75,2629.2,12690.8,12-Nov-2020,NIFTY,OPTIDXNIFTY12-11-2020PE10100.00,434,-82,-15.891472868217054,2058,0,0.1,-0.85,-89.47368421052632,0,51450,0,0.0,8850,0.1,12690.8
17,10150,12-Nov-2020,NIFTY,OPTIDXNIFTY12-11-2020CE10150.00,0,0,0.0,0,0,0.0,0.0,0.0,6450,6450,1500,2451.65,1500,2610.25,12690.8,12-Nov-2020,NIFTY,OPTIDXNIFTY12-11-2020PE10150.00,105,-11,-9.482758620689655,14,0,0.05,-0.7999999999999999,-94.11764705882352,0,44100,0,0.0,75,0.1,12690.8
18,10200,12-Nov-2020,NIFTY,OPTIDXNIFTY12-11-2020CE10200.00,25,0,0.0,0,0,2487.3,0.0,0.0,7350,7425,975,2445.35,75,2529.2,12690.8,12-Nov-2020,NIFTY,OPTIDXNIFTY12-11-2020PE10200.00,539,-339,-38.61047835990888,2824,0,0.05,-0.8999999999999999,-94.73684210526315,0,52500,0,0.0,825,0.05,12690.8
19,10250,12-Nov-2020,NIFTY,OPTIDXNIFTY12-11-2020CE10250.00,0,0,0.0,0,0,0.0,0.0,0.0,6450,6450,1500,2346.9,1500,2517.9,12690.8,12-Nov-2020,NIFTY,OPTIDXNIFTY12-11-2020PE10250.00,344,-1,-0.2898550724637681,1,0,0.05,-1.25,-96.15384615384615,0,57150,0,0.0,2100,0.2,12690.8
20,10300,12-Nov-2020,NIFTY,OPTIDXNIFTY12-11-2020CE10300.00,0,0,0.0,0,0,0.0,0.0,0.0,7350,7425,975,2345.35,75,2429.2,12690.8,12-Nov-2020,NIFTY,OPTIDXNIFTY12-11-2020PE10300.00,711,-3,-0.42016806722689076,861,0,0.05,-0.8999999999999999,-94.73684210526315,0,52650,0,0.0,9000,0.1,12690.8
21,10350,12-Nov-2020,NIFTY,OPTIDXNIFTY12-11-2020CE10350.00,0,0,0.0,0,0,0.0,0.0,0.0,6375,6375,1500,2225.6,1500,2416.3,12690.8,12-Nov-2020,NIFTY,OPTIDXNIFTY12-11-2020PE10350.00,299,1,0.33557046979865773,13,0,0.05,-1.3,-96.29629629629629,0,53400,0,0.0,3000,0.1,12690.8
22,10400,12-Nov-2020,NIFTY,OPTIDXNIFTY12-11-2020CE10400.00,0,0,0.0,0,0,0.0,0.0,0.0,7350,7425,975,2245.35,75,2329.2,12690.8,12-Nov-2020,NIFTY,OPTIDXNIFTY12-11-2020PE10400.00,1006,-27,-2.6137463697967087,696,0,0.05,-0.95,-95.0,0,46425,0,0.0,3600,0.1,12690.8
23,10450,12-Nov-2020,NIFTY,OPTIDXNIFTY12-11-2020CE10450.00,0,0,0.0,0,0,0.0,0.0,0.0,6375,6450,1500,2115.75,1500,2367.15,12690.8,12-Nov-2020,NIFTY,OPTIDXNIFTY12-11-2020PE10450.00,128,-1,-0.7751937984496124,2,0,0.15,-0.9500000000000001,-86.36363636363636,0,44850,0,0.0,75,0.1,12690.8
24,10500,12-Nov-2020,NIFTY,OPTIDXNIFTY12-11-2020CE10500.00,3,0,0.0,0,0,2196.4,97.59999999999991,4.650276348389551,7350,7350,975,2145.35,975,2229.25,12690.8,12-Nov-2020,NIFTY,OPTIDXNIFTY12-11-2020PE10500.00,12833,-1536,-10.689679170436357,10380,0,0.05,-1.0,-95.23809523809523,0,142125,0,0.0,40275,0.05,12690.8
25,10550,12-Nov-2020,NIFTY,OPTIDXNIFTY12-11-2020CE10550.00,6,0,0.0,0,0,2199.45,0.0,0.0,6375,6375,4875,2007.75,1500,2221.35,12690.8,12-Nov-2020,NIFTY,OPTIDXNIFTY12-11-2020PE10550.00,47,-1,-2.0833333333333335,5,0,0.05,-0.75,-93.75,0,56250,0,0.0,2100,0.15,12690.8
26,10600,12-Nov-2020,NIFTY,OPTIDXNIFTY12-11-2020CE10600.00,1,0,0.0,0,0,1219.6,0.0,0.0,7350,7425,975,2045.35,75,2129.2,12690.8,12-Nov-2020,NIFTY,OPTIDXNIFTY12-11-2020PE10600.00,820,-99,-10.772578890097932,718,0,0.05,-0.95,-95.0,0,64425,0,0.0,14025,0.1,12690.8
27,10650,12-Nov-2020,NIFTY,OPTIDXNIFTY12-11-2020CE10650.00,1,0,0.0,0,0,1929.5,0.0,0.0,6375,6375,1500,1919.85,1500,2116.75,12690.8,12-Nov-2020,NIFTY,OPTIDXNIFTY12-11-2020PE10650.00,96,10,11.627906976744185,56,0,0.05,-0.8999999999999999,-94.73684210526315,0,65925,0,0.0,3450,0.15,12690.8
28,10700,12-Nov-2020,NIFTY,OPTIDXNIFTY12-11-2020CE10700.00,2,0,0.0,0,0,1763.05,0.0,0.0,7350,7425,975,1945.35,1050,2030.0,12690.8,12-Nov-2020,NIFTY,OPTIDXNIFTY12-11-2020PE10700.00,985,-221,-18.325041459369817,806,0,0.1,-1.0,-90.9090909090909,0,60075,0,0.0,11250,0.1,12690.8
29,10750,12-Nov-2020,NIFTY,OPTIDXNIFTY12-11-2020CE10750.00,1,0,0.0,0,0,1712.7,0.0,0.0,6375,6375,1500,1825.2,1500,2010.95,12690.8,12-Nov-2020,NIFTY,OPTIDXNIFTY12-11-2020PE10750.00,179,-1,-0.5555555555555556,7,0,0.1,-1.0999999999999999,-91.66666666666666,0,59025,0,0.0,75,0.05,12690.8
30,10800,12-Nov-2020,NIFTY,OPTIDXNIFTY12-11-2020CE10800.00,2,0,0.0,0,0,1683.2,0.0,0.0,6375,7425,1500,1777.1,1050,1930.0,12690.8,12-Nov-2020,NIFTY,OPTIDXNIFTY12-11-2020PE10800.00,2750,-352,-11.347517730496454,1340,0,0.05,-1.0,-95.23809523809523,0,54975,0,0.0,1275,0.05,12690.8
31,10850,12-Nov-2020,NIFTY,OPTIDXNIFTY12-11-2020CE10850.00,2,0,0.0,0,0,1381.3,0.0,0.0,6375,6375,1500,1729.35,1500,1906.35,12690.8,12-Nov-2020,NIFTY,OPTIDXNIFTY12-11-2020PE10850.00,136,-3,-2.158273381294964,21,0,0.05,-1.0999999999999999,-95.65217391304347,0,51225,0,0.0,75,0.1,12690.8
32,10900,12-Nov-2020,NIFTY,OPTIDXNIFTY12-11-2020CE10900.00,2,0,0.0,0,0,1832.35,0.0,0.0,6375,7425,1500,1681.8,1050,1830.0,12690.8,12-Nov-2020,NIFTY,OPTIDXNIFTY12-11-2020PE10900.00,2132,-179,-7.745564690610125,720,0,0.05,-1.0,-95.23809523809523,0,54600,0,0.0,3075,0.05,12690.8
33,10950,12-Nov-2020,NIFTY,OPTIDXNIFTY12-11-2020CE10950.00,2,0,0.0,0,0,1281.7,0.0,0.0,6375,6375,1500,1634.3,1500,1803.85,12690.8,12-Nov-2020,NIFTY,OPTIDXNIFTY12-11-2020PE10950.00,130,-3,-2.255639097744361,36,0,0.05,-1.15,-95.83333333333333,0,56325,0,0.0,900,0.15,12690.8
34,11000,12-Nov-2020,NIFTY,OPTIDXNIFTY12-11-2020CE11000.00,57,-106,-65.03067484662577,155,0,1692.75,-39.25,-2.266166281755196,9375,10650,3000,1650.1,75,1719.85,12690.8,12-Nov-2020,NIFTY,OPTIDXNIFTY12-11-2020PE11000.00,15635,-3629,-18.83824750830565,14308,0,0.05,-1.0,-95.23809523809523,0,125475,0,0.0,24750,0.05,12690.8
35,11050,12-Nov-2020,NIFTY,OPTIDXNIFTY12-11-2020CE11050.00,3,0,0.0,0,0,1182.15,0.0,0.0,6375,6375,1500,1539.3,1500,1871.4,12690.8,12-Nov-2020,NIFTY,OPTIDXNIFTY12-11-2020PE11050.00,174,-4,-2.247191011235955,8,0,0.1,-0.9500000000000001,-90.47619047619048,0,63900,0,0.0,75,0.05,12690.8
36,11100,12-Nov-2020,NIFTY,OPTIDXNIFTY12-11-2020CE11100.00,36,-14,-28.0,53,0,1597.45,112.45000000000005,7.5723905723905744,9975,11100,600,1554.4,450,1614.85,12690.8,12-Nov-2020,NIFTY,OPTIDXNIFTY12-11-2020PE11100.00,3494,-53,-1.4942204680011277,2407,0,0.05,-0.8999999999999999,-94.73684210526315,0,152775,0,0.0,52050,0.05,12690.8
37,11150,12-Nov-2020,NIFTY,OPTIDXNIFTY12-11-2020CE11150.00,2,0,0.0,0,0,1082.7,0.0,0.0,6375,6375,1500,1449.65,4875,1712.4,12690.8,12-Nov-2020,NIFTY,OPTIDXNIFTY12-11-2020PE11150.00,154,17,12.408759124087592,98,0,0.1,-0.9,-90.0,0,57675,0,0.0,150,0.05,12690.8
38,11200,12-Nov-2020,NIFTY,OPTIDXNIFTY12-11-2020CE11200.00,36,-51,-58.62068965517241,70,0,1491.8,-53.350000000000136,-3.45273921625733,9975,11625,600,1456.2,75,1491.0,12690.8,12-Nov-2020,NIFTY,OPTIDXNIFTY12-11-2020PE11200.00,4131,-905,-17.97061159650516,3103,0,0.05,-0.95,-95.0,0,96900,0,0.0,37950,0.05,12690.8
39,11250,12-Nov-2020,NIFTY,OPTIDXNIFTY12-11-2020CE11250.00,3,0,0.0,1,0,1425.0,441.54999999999995,44.89806294168488,6375,6375,4875,1347.7,1500,1512.2,12690.8,12-Nov-2020,NIFTY,OPTIDXNIFTY12-11-2020PE11250.00,271,33,13.865546218487395,154,0,0.05,-1.0999999999999999,-95.65217391304347,0,60750,0,0.0,5025,0.05,12690.8
40,11300,12-Nov-2020,NIFTY,OPTIDXNIFTY12-11-2020CE11300.00,117,-79,-40.30612244897959,155,0,1395.55,-61.799999999999955,-4.240573643942771,12150,10950,1500,1386.0,75,1396.65,12690.8,12-Nov-2020,NIFTY,OPTIDXNIFTY12-11-2020PE11300.00,3334,-1238,-27.077865266841645,2882,0,0.05,-1.15,-95.83333333333333,0,97350,0,0.0,47775,0.05,12690.8
41,11350,12-Nov-2020,NIFTY,OPTIDXNIFTY12-11-2020CE11350.00,5,0,0.0,0,0,1153.25,0.0,0.0,6525,6375,150,1339.65,1500,1409.55,12690.8,12-Nov-2020,NIFTY,OPTIDXNIFTY12-11-2020PE11350.00,286,-194,-40.416666666666664,592,0,0.05,-1.15,-95.83333333333333,0,61650,0,0.0,3825,0.05,12690.8
42,11400,12-Nov-2020,NIFTY,OPTIDXNIFTY12-11-2020CE11400.00,247,-99,-28.612716763005782,127,0,1292.5,-48.65000000000009,-3.6274838757782564,10650,11250,75,1289.0,75,1292.55,12690.8,12-Nov-2020,NIFTY,OPTIDXNIFTY12-11-2020PE11400.00,3573,-1279,-26.360263808738665,3633,0,0.05,-1.25,-96.15384615384615,0,100800,0,0.0,31050,0.05,12690.8
43,11450,12-Nov-2020,NIFTY,OPTIDXNIFTY12-11-2020CE11450.00,15,-1,-6.25,2,0,1219.35,74.34999999999991,6.49344978165938,7425,6600,825,1239.65,1500,1299.05,12690.8,12-Nov-2020,NIFTY,OPTIDXNIFTY12-11-2020PE11450.00,646,-44,-6.3768115942028984,526,0,0.05,-1.25,-96.15384615384615,0,75750,0,0.0,6900,0.1,12690.8
44,11500,12-Nov-2020,NIFTY,OPTIDXNIFTY12-11-2020CE11500.00,495,-457,-48.00420168067227,524,0,1190.5,-56.59999999999991,-4.538529388180572,24600,16350,600,1190.0,150,1193.75,12690.8,12-Nov-2020,NIFTY,OPTIDXNIFTY12-11-2020PE11500.00,19389,-3329,-14.653578660093318,23154,0,0.05,-1.45,-96.66666666666667,0,121800,0,0.0,28950,0.05,12690.8
45,11550,12-Nov-2020,NIFTY,OPTIDXNIFTY12-11-2020CE11550.00,60,0,0.0,14,0,1140.0,-55.700000000000045,-4.658359120180651,14400,16800,975,1139.75,75,1169.85,12690.8,12-Nov-2020,NIFTY,OPTIDXNIFTY12-11-2020PE11550.00,1097,363,49.45504087193461,2921,0,0.05,-1.4,-96.55172413793103,0,143250,0,0.0,43050,0.05,12690.8
46,11600,12-Nov-2020,NIFTY,OPTIDXNIFTY12-11-2020CE11600.00,217,-184,-45.885286783042396,245,0,1093.0,-54.84999999999991,-4.778498932787378,17775,14925,75,1091.1,3000,1119.9,12690.8,12-Nov-2020,NIFTY,OPTIDXNIFTY12-11-2020PE11600.00,7001,-1615,-18.744196843082637,10493,0,0.05,-1.5,-96.77419354838709,0,120075,0,0.0,16050,0.05,12690.8
47,11650,12-Nov-2020,NIFTY,OPTIDXNIFTY12-11-2020CE11650.00,120,-8,-6.25,41,0,1042.45,-63.5,-5.741670057416701,12375,13875,1500,1000.35,450,1041.1,12690.8,12-Nov-2020,NIFTY,OPTIDXNIFTY12-11-2020PE11650.00,1096,-376,-25.543478260869566,3401,0,0.05,-1.5999999999999999,-96.96969696969697,0,98100,0,0.0,13725,0.1,12690.8
48,11700,12-Nov-2020,NIFTY,OPTIDXNIFTY12-11-2020CE11700.00,466,-150,-24.350649350649352,468,0,992.2,-60.899999999999864,-5.782926597664027,16125,17175,750,970.0,300,991.1,12690.8,12-Nov-2020,NIFTY,OPTIDXNIFTY12-11-2020PE11700.00,8089,-3745,-31.64610444482001,14471,0,0.05,-1.65,-97.05882352941177,0,156225,0,0.0,48075,0.05,12690.8
49,11750,12-Nov-2020,NIFTY,OPTIDXNIFTY12-11-2020CE11750.00,340,-41,-10.761154855643044,158,0,942.5,-63.14999999999998,-6.279520707999799,22125,17700,1500,901.5,3000,941.1,12690.8,12-Nov-2020,NIFTY,OPTIDXNIFTY12-11-2020PE11750.00,2176,-298,-12.045270816491511,2166,0,0.1,-1.75,-94.5945945945946,0,144075,0,0.0,225,0.05,12690.8
50,11800,12-Nov-2020,NIFTY,OPTIDXNIFTY12-11-2020CE11800.00,680,-229,-25.19251925192519,593,0,891.1,-60.19999999999993,-6.328182487122877,20625,19425,75,864.0,3000,891.1,12690.8,12-Nov-2020,NIFTY,OPTIDXNIFTY12-11-2020PE11800.00,12956,-5848,-31.099766007232503,23293,0,0.05,-1.9,-97.43589743589743,0,163350,0,0.0,7575,0.05,12690.8
51,11850,12-Nov-2020,NIFTY,OPTIDXNIFTY12-11-2020CE11850.00,365,-31,-7.828282828282828,257,0,841.1,-68.5,-7.530782761653473,20625,17175,1500,800.35,1800,841.1,12690.8,12-Nov-2020,NIFTY,OPTIDXNIFTY12-11-2020PE11850.00,1752,-111,-5.958132045088567,3528,0,0.05,-2.0500000000000003,-97.61904761904762,0,86550,0,0.0,150,0.05,12690.8
52,11900,12-Nov-2020,NIFTY,OPTIDXNIFTY12-11-2020CE11900.00,1185,-326,-21.575115817339512,796,0,810.35,-43.85000000000002,-5.133458206509016,25500,18225,300,791.0,600,799.0,12690.8,12-Nov-2020,NIFTY,OPTIDXNIFTY12-11-2020PE11900.00,12028,-6074,-33.5543033918904,25420,0,0.05,-2.1500000000000004,-97.72727272727273,0,114225,0,0.0,38325,0.05,12690.8
53,11950,12-Nov-2020,NIFTY,OPTIDXNIFTY12-11-2020CE11950.00,196,-46,-19.00826446280992,129,0,742.0,-60.299999999999955,-7.515891811043246,20550,16575,1500,700.35,225,742.0,12690.8,12-Nov-2020,NIFTY,OPTIDXNIFTY12-11-2020PE11950.00,1452,-1308,-47.391304347826086,3726,0,0.05,-2.3000000000000003,-97.87234042553192,0,112500,0,0.0,300,0.05,12690.8
54,12000,12-Nov-2020,NIFTY,OPTIDXNIFTY12-11-2020CE12000.00,3095,-1841,-37.29740680713128,4376,0,690.55,-64.5,-8.542480630421826,47025,28500,75,690.25,375,690.55,12690.8,12-Nov-2020,NIFTY,OPTIDXNIFTY12-11-2020PE12000.00,32945,-12085,-26.83766377970242,85810,0,0.05,-2.5500000000000003,-98.07692307692308,0,466725,0,0.0,198675,0.05,12690.8
55,12050,12-Nov-2020,NIFTY,OPTIDXNIFTY12-11-2020CE12050.00,482,-27,-5.304518664047151,155,0,641.15,-63.05000000000007,-8.953422323203645,44250,13500,3000,640.05,75,669.85,12690.8,12-Nov-2020,NIFTY,OPTIDXNIFTY12-11-2020PE12050.00,1735,-1951,-52.930005425935974,7644,0,0.05,-2.7,-98.18181818181819,0,128700,0,0.0,1200,0.05,12690.8
56,12100,12-Nov-2020,NIFTY,OPTIDXNIFTY12-11-2020CE12100.00,2560,-1800,-41.28440366972477,3849,0,589.65,-62.75,-9.618332311465359,31350,29700,1200,589.3,150,590.0,12690.8,12-Nov-2020,NIFTY,OPTIDXNIFTY12-11-2020PE12100.00,15852,-5417,-25.468992430297615,47538,0,0.05,-2.85,-98.27586206896552,0,253575,0,0.0,63300,0.05,12690.8
57,12150,12-Nov-2020,NIFTY,OPTIDXNIFTY12-11-2020CE12150.00,1399,-301,-17.705882352941178,733,0,540.75,-65.14999999999998,-10.752599438851291,46275,18375,75,540.2,600,542.85,12690.8,12-Nov-2020,NIFTY,OPTIDXNIFTY12-11-2020PE12150.00,5438,-541,-9.048335842114065,10639,0,0.1,-3.0,-96.77419354838709,0,200550,0,0.0,59925,0.1,12690.8
58,12200,12-Nov-2020,NIFTY,OPTIDXNIFTY12-11-2020CE12200.00,4106,-1537,-27.237285132021974,3180,0,490.0,-66.0,-11.870503597122301,46575,19425,525,490.0,75,491.0,12690.8,12-Nov-2020,NIFTY,OPTIDXNIFTY12-11-2020PE12200.00,17193,-5826,-25.309526912550503,62344,0,0.05,-3.2,-98.46153846153847,0,353400,0,0.0,59775,0.05,12690.8
59,12250,12-Nov-2020,NIFTY,OPTIDXNIFTY12-11-2020CE12250.00,1795,-407,-18.48319709355132,1065,0,443.3,-59.05000000000001,-11.754752662486316,45075,18300,225,440.45,225,443.3,12690.8,12-Nov-2020,NIFTY,OPTIDXNIFTY12-11-2020PE12250.00,5865,-943,-13.85135135135135,24088,0,0.05,-3.45,-98.57142857142858,0,138075,0,0.0,6150,0.05,12690.8
60,12300,12-Nov-2020,NIFTY,OPTIDXNIFTY12-11-2020CE12300.00,3166,-1171,-27.00023057412958,4819,0,390.25,-65.0,-14.277869302581001,56625,18075,225,390.3,225,391.85,12690.8,12-Nov-2020,NIFTY,OPTIDXNIFTY12-11-2020PE12300.00,20617,-3399,-14.153064623584276,132550,0,0.05,-3.8000000000000003,-98.7012987012987,0,302175,0,0.0,19050,0.05,12690.8
61,12350,12-Nov-2020,NIFTY,OPTIDXNIFTY12-11-2020CE12350.00,934,-241,-20.51063829787234,1634,0,339.45,-65.05000000000001,-16.081582200247222,44400,18525,75,339.0,675,343.3,12690.8,12-Nov-2020,NIFTY,OPTIDXNIFTY12-11-2020PE12350.00,5659,-1767,-23.7947751144627,55017,0,0.05,-4.3,-98.85057471264368,0,233925,0,0.0,6900,0.05,12690.8
62,12400,12-Nov-2020,NIFTY,OPTIDXNIFTY12-11-2020CE12400.00,3126,-1908,-37.902264600715135,8268,0,290.3,-63.14999999999998,-17.8667421134531,53775,18525,225,290.35,75,291.0,12690.8,12-Nov-2020,NIFTY,OPTIDXNIFTY12-11-2020PE12400.00,23166,-911,-3.783693981808365,238377,0,0.05,-5.0,-99.00990099009901,0,758100,0,0.0,62400,0.05,12690.8
63,12450,12-Nov-2020,NIFTY,OPTIDXNIFTY12-11-2020CE12450.00,1805,-317,-14.938737040527805,3484,0,240.55,-63.599999999999966,-20.91073483478546,51750,18975,525,240.35,75,241.0,12690.8,12-Nov-2020,NIFTY,OPTIDXNIFTY12-11-2020PE12450.00,12842,1138,9.723171565276829,234643,0,0.05,-5.95,-99.16666666666667,0,321975,0,0.0,8850,0.05,12690.8
64,12500,12-Nov-2020,NIFTY,OPTIDXNIFTY12-11-2020CE12500.00,3973,-3342,-45.68694463431306,43564,0,190.65,-63.900000000000006,-25.10312315851503,134400,23700,525,190.65,525,190.95,12690.8,12-Nov-2020,NIFTY,OPTIDXNIFTY12-11-2020PE12500.00,34345,3074,9.830194109558377,841351,0,0.05,-7.3500000000000005,-99.32432432432434,0,1122300,0,0.0,46050,0.05,12690.8
65,12550,12-Nov-2020,NIFTY,OPTIDXNIFTY12-11-2020CE12550.00,1056,-1031,-49.40105414470532,34735,0,140.9,-66.44999999999999,-32.04726308174584,304125,30825,3525,140.4,75,141.25,12690.8,12-Nov-2020,NIFTY,OPTIDXNIFTY12-11-2020PE12550.00,20756,8361,67.45461879790238,823201,0,0.05,-9.549999999999999,-99.47916666666666,0,464850,0,0.0,29025,0.05,12690.8
66,12600,12-Nov-2020,NIFTY,OPTIDXNIFTY12-11-2020CE12600.00,9284,-2895,-23.770424501190575,323960,0,90.7,-69.2,-43.277048155096935,431250,48300,1500,90.7,2250,90.9,12690.8,12-Nov-2020,NIFTY,OPTIDXNIFTY12-11-2020PE12600.00,44945,9269,25.981051687408904,1853865,0,0.05,-13.5,-99.6309963099631,0,1040775,0,0.0,49200,0.05,12690.8
67,12650,12-Nov-2020,NIFTY,OPTIDXNIFTY12-11-2020CE12650.00,10355,5406,109.23418872499495,864022,0,40.85,-77.1,-65.36668079694785,1339875,216450,13575,40.8,3000,40.85,12690.8,12-Nov-2020,NIFTY,OPTIDXNIFTY12-11-2020PE12650.00,35985,17673,96.51048492791612,1719338,0,0.05,-20.849999999999998,-99.76076555023923,0,1662750,0,0.0,253650,0.05,12690.8
68,12700,12-Nov-2020,NIFTY,OPTIDXNIFTY12-11-2020CE12700.00,78036,52981,211.4587906605468,2728830,0,0.05,-81.9,-99.93898718730934,0,2291325,0,0.0,258300,0.05,12690.8,12-Nov-2020,NIFTY,OPTIDXNIFTY12-11-2020PE12700.00,17574,-12387,-41.343746870932215,1530106,0,9.05,-26.249999999999996,-74.36260623229461,1175400,270075,15600,9.05,75,9.2,12690.8
69,12750,12-Nov-2020,NIFTY,OPTIDXNIFTY12-11-2020CE12750.00,35395,14755,71.4874031007752,1392912,0,0.05,-55.2,-99.90950226244344,80700,917025,80700,0.05,145500,0.1,12690.8,12-Nov-2020,NIFTY,OPTIDXNIFTY12-11-2020PE12750.00,2942,-6198,-67.81181619256017,286595,0,59.05,1.5999999999999943,2.78503046127066,893700,25875,150,59.05,300,59.25,12690.8
70,12800,12-Nov-2020,NIFTY,OPTIDXNIFTY12-11-2020CE12800.00,41977,11281,36.75071670575971,1707731,0,0.05,-33.900000000000006,-99.85272459499265,4050,1052100,4050,0.05,180000,0.1,12690.8,12-Nov-2020,NIFTY,OPTIDXNIFTY12-11-2020PE12800.00,2110,-3149,-59.87830386004944,179397,0,108.85,21.44999999999999,24.542334096109826,273450,20475,300,108.85,1050,109.25,12690.8
71,12850,12-Nov-2020,NIFTY,OPTIDXNIFTY12-11-2020CE12850.00,19163,629,3.393762814287256,823543,0,0.05,-19.95,-99.75,0,762450,0,0.0,14550,0.05,12690.8,12-Nov-2020,NIFTY,OPTIDXNIFTY12-11-2020PE12850.00,602,-346,-36.49789029535865,12567,0,158.75,36.349999999999994,29.697712418300647,237450,12975,300,158.75,600,159.25,12690.8
72,12900,12-Nov-2020,NIFTY,OPTIDXNIFTY12-11-2020CE12900.00,27126,56,0.20687107499076468,739234,0,0.05,-11.75,-99.57627118644066,0,1147350,0,0.0,56775,0.05,12690.8,12-Nov-2020,NIFTY,OPTIDXNIFTY12-11-2020PE12900.00,663,-208,-23.880597014925375,13307,0,210.05,45.95000000000002,28.00121876904328,248025,16125,75,209.0,375,210.05,12690.8
73,12950,12-Nov-2020,NIFTY,OPTIDXNIFTY12-11-2020CE12950.00,16960,4083,31.707695891900286,289726,0,0.05,-6.7,-99.25925925925925,0,560025,0,0.0,84525,0.05,12690.8,12-Nov-2020,NIFTY,OPTIDXNIFTY12-11-2020PE12950.00,254,1,0.3952569169960474,1270,0,258.65,49.69999999999999,23.78559463986599,113400,13050,225,258.65,225,259.9,12690.8
74,13000,12-Nov-2020,NIFTY,OPTIDXNIFTY12-11-2020CE13000.00,60017,15087,33.57890051190741,368034,0,0.05,-3.95,-98.75,0,1326525,0,0.0,221925,0.05,12690.8,12-Nov-2020,NIFTY,OPTIDXNIFTY12-11-2020PE13000.00,377,-195,-34.09090909090909,2520,0,309.5,52.05000000000001,20.217517964653336,118725,16425,375,309.5,225,310.95,12690.8
75,13050,12-Nov-2020,NIFTY,OPTIDXNIFTY12-11-2020CE13050.00,10926,3434,45.83555792845702,56661,0,0.05,-2.3000000000000003,-97.87234042553192,0,513075,0,0.0,36600,0.05,12690.8,12-Nov-2020,NIFTY,OPTIDXNIFTY12-11-2020PE13050.00,107,-4,-3.6036036036036037,270,0,358.5,51.69999999999999,16.851368970013034,40350,13200,3000,358.55,750,361.55,12690.8
76,13100,12-Nov-2020,NIFTY,OPTIDXNIFTY12-11-2020CE13100.00,12358,-5877,-32.229229503701674,76489,0,0.05,-1.55,-96.875,0,565350,0,0.0,49500,0.05,12690.8,12-Nov-2020,NIFTY,OPTIDXNIFTY12-11-2020PE13100.00,219,-60,-21.50537634408602,267,0,408.5,62.25,17.978339350180505,40875,16275,2850,408.5,750,411.65,12690.8
77,13150,12-Nov-2020,NIFTY,OPTIDXNIFTY12-11-2020CE13150.00,1383,-1130,-44.96617588539594,7813,0,0.05,-1.25,-96.15384615384615,0,181500,0,0.0,8325,0.05,12690.8,12-Nov-2020,NIFTY,OPTIDXNIFTY12-11-2020PE13150.00,55,-9,-14.0625,360,0,461.6,60.25,15.011835056683692,36150,12900,375,458.0,675,461.7,12690.8
78,13200,12-Nov-2020,NIFTY,OPTIDXNIFTY12-11-2020CE13200.00,12378,-5398,-30.366786678667868,39838,0,0.05,-1.0999999999999999,-95.65217391304347,0,387900,0,0.0,120450,0.05,12690.8,12-Nov-2020,NIFTY,OPTIDXNIFTY12-11-2020PE13200.00,53,22,70.96774193548387,697,0,508.0,61.60000000000002,13.79928315412187,37350,15675,300,508.0,750,511.8,12690.8
79,13250,12-Nov-2020,NIFTY,OPTIDXNIFTY12-11-2020CE13250.00,741,-192,-20.578778135048232,5121,0,0.05,-1.05,-95.45454545454545,0,160725,0,0.0,8850,0.05,12690.8,12-Nov-2020,NIFTY,OPTIDXNIFTY12-11-2020PE13250.00,1,0,0.0,9,0,608.7,118.65000000000003,24.211815120906035,29325,9375,3000,530.1,1500,597.2,12690.8
80,13300,12-Nov-2020,NIFTY,OPTIDXNIFTY12-11-2020CE13300.00,5030,-94,-1.834504293520687,13318,0,0.05,-0.8999999999999999,-94.73684210526315,0,197025,0,0.0,109650,0.05,12690.8,12-Nov-2020,NIFTY,OPTIDXNIFTY12-11-2020PE13300.00,2,1,100.0,7,0,629.95,-68.44999999999993,-9.800973654066429,38400,10350,75,580.25,975,639.75,12690.8
81,13350,12-Nov-2020,NIFTY,OPTIDXNIFTY12-11-2020CE13350.00,474,117,32.773109243697476,1113,0,0.05,-0.95,-95.0,0,94800,0,0.0,14025,0.05,12690.8,12-Nov-2020,NIFTY,OPTIDXNIFTY12-11-2020PE13350.00,2,0,0.0,0,0,754.3,0.0,0.0,17325,6375,4875,410.75,1500,709.95,12690.8
82,13400,12-Nov-2020,NIFTY,OPTIDXNIFTY12-11-2020CE13400.00,3367,69,2.0921770770163737,8051,0,0.05,-0.85,-94.44444444444444,0,106425,0,0.0,20325,0.05,12690.8,12-Nov-2020,NIFTY,OPTIDXNIFTY12-11-2020PE13400.00,2,0,0.0,0,0,665.9,0.0,0.0,17325,7350,4875,635.25,975,740.4,12690.8
83,13450,12-Nov-2020,NIFTY,OPTIDXNIFTY12-11-2020CE13450.00,383,-161,-29.595588235294116,2682,0,0.05,-0.75,-93.75,0,76500,0,0.0,5625,0.05,12690.8,12-Nov-2020,NIFTY,OPTIDXNIFTY12-11-2020PE13450.00,1,0,0.0,0,0,715.85,0.0,0.0,17325,6375,4875,681.3,4875,817.2,12690.8
84,13500,12-Nov-2020,NIFTY,OPTIDXNIFTY12-11-2020CE13500.00,8229,-3425,-29.389050969624165,24069,0,0.05,-0.75,-93.75,0,163725,0,0.0,31725,0.05,12690.8,12-Nov-2020,NIFTY,OPTIDXNIFTY12-11-2020PE13500.00,1,0,0.0,4,0,829.7,87.45000000000005,11.78174469518357,17475,7350,75,565.5,975,840.4,12690.8
85,13550,12-Nov-2020,NIFTY,OPTIDXNIFTY12-11-2020CE13550.00,143,-1,-0.6944444444444444,1287,0,0.15,-0.44999999999999996,-75.0,0,55275,0,0.0,7425,0.1,12690.8,12-Nov-2020,NIFTY,OPTIDXNIFTY12-11-2020PE13550.00,0,0,0.0,0,0,0.0,0.0,0.0,14400,6375,4950,780.5,1500,921.8,12690.8
86,13600,12-Nov-2020,NIFTY,OPTIDXNIFTY12-11-2020CE13600.00,1301,-247,-15.956072351421188,2202,0,0.05,-0.7,-93.33333333333333,0,79650,0,0.0,18750,0.05,12690.8,12-Nov-2020,NIFTY,OPTIDXNIFTY12-11-2020PE13600.00,1,1,0.0,4,0,929.7,-541.0999999999999,-36.789502311667114,18900,7275,75,681.0,900,937.25,12690.8
87,13650,12-Nov-2020,NIFTY,OPTIDXNIFTY12-11-2020CE13650.00,399,360,923.0769230769231,1489,0,0.05,-0.6,-92.3076923076923,0,78300,0,0.0,900,0.1,12690.8,12-Nov-2020,NIFTY,OPTIDXNIFTY12-11-2020PE13650.00,0,0,0.0,0,0,0.0,0.0,0.0,27900,6375,75,863.75,1500,1024.85,12690.8
88,13700,12-Nov-2020,NIFTY,OPTIDXNIFTY12-11-2020CE13700.00,881,477,118.06930693069307,1385,0,0.05,-0.5499999999999999,-91.66666666666666,0,62550,0,0.0,15375,0.05,12690.8,12-Nov-2020,NIFTY,OPTIDXNIFTY12-11-2020PE13700.00,1,1,0.0,2,0,1029.9,-401.0999999999999,-28.0293501048218,603900,7275,75,951.9,900,1037.25,12690.8
89,13750,12-Nov-2020,NIFTY,OPTIDXNIFTY12-11-2020CE13750.00,94,28,42.42424242424242,67,0,0.05,-0.7999999999999999,-94.11764705882352,0,60000,0,0.0,3300,0.15,12690.8,12-Nov-2020,NIFTY,OPTIDXNIFTY12-11-2020PE13750.00,0,0,0.0,0,0,0.0,0.0,0.0,18450,6375,4950,969.3,1500,1129.7,12690.8
90,13800,12-Nov-2020,NIFTY,OPTIDXNIFTY12-11-2020CE13800.00,770,-107,-12.200684150513112,1912,0,0.05,-0.45,-90.0,0,46350,0,0.0,675,0.05,12690.8,12-Nov-2020,NIFTY,OPTIDXNIFTY12-11-2020PE13800.00,1,1,0.0,2,0,1129.7,-205.0999999999999,-15.365597842373383,12450,7275,75,890.55,900,1137.25,12690.8
91,13850,12-Nov-2020,NIFTY,OPTIDXNIFTY12-11-2020CE13850.00,80,-33,-29.20353982300885,2779,0,0.05,-0.4,-88.8888888888889,0,50625,0,0.0,450,0.05,12690.8,12-Nov-2020,NIFTY,OPTIDXNIFTY12-11-2020PE13850.00,0,0,0.0,0,0,0.0,0.0,0.0,9450,6375,75,935.7,1500,1236.65,12690.8
92,13900,12-Nov-2020,NIFTY,OPTIDXNIFTY12-11-2020CE13900.00,546,108,24.65753424657534,2498,0,0.05,-0.45,-90.0,0,58800,0,0.0,2925,0.05,12690.8,12-Nov-2020,NIFTY,OPTIDXNIFTY12-11-2020PE13900.00,1,1,0.0,1,0,1203.5,-231.29999999999995,-16.120713688318926,7875,7350,1500,1139.9,975,1238.2,12690.8
93,13950,12-Nov-2020,NIFTY,OPTIDXNIFTY12-11-2020CE13950.00,152,0,0.0,3962,0,0.05,-0.45,-90.0,0,57600,0,0.0,4275,0.05,12690.8,12-Nov-2020,NIFTY,OPTIDXNIFTY12-11-2020PE13950.00,0,0,0.0,0,0,0.0,0.0,0.0,7950,6375,1500,1203.45,4875,1372.2,12690.8
94,14000,12-Nov-2020,NIFTY,OPTIDXNIFTY12-11-2020CE14000.00,3776,746,24.620462046204622,2452,0,0.05,-0.6499999999999999,-92.85714285714285,0,101025,0,0.0,52950,0.05,12690.8,12-Nov-2020,NIFTY,OPTIDXNIFTY12-11-2020PE14000.00,1,1,0.0,2,0,1251.85,-114.25,-8.36322377571188,7875,7350,1425,1251.85,975,1338.2,12690.8
95,14050,12-Nov-2020,NIFTY,OPTIDXNIFTY12-11-2020CE14050.00,80,-20,-20.0,2223,0,0.05,-0.75,-93.75,0,64200,0,0.0,1200,0.15,12690.8,12-Nov-2020,NIFTY,OPTIDXNIFTY12-11-2020PE14050.00,0,0,0.0,0,0,0.0,0.0,0.0,7950,6375,1500,1298.85,4875,1477.1,12690.8
96,14100,12-Nov-2020,NIFTY,OPTIDXNIFTY12-11-2020CE14100.00,0,0,0.0,0,0,0.0,0.0,0.0,0,49350,0,0.0,2700,0.1,12690.8,12-Nov-2020,NIFTY,OPTIDXNIFTY12-11-2020PE14100.00,0,0,0.0,0,0,0.0,0.0,0.0,7875,7350,1500,1306.4,975,1438.2,12690.8
97,14150,12-Nov-2020,NIFTY,OPTIDXNIFTY12-11-2020CE14150.00,58,54,1350.0,271,0,0.05,-0.75,-93.75,1350,58050,1350,0.05,1500,0.15,12690.8,12-Nov-2020,NIFTY,OPTIDXNIFTY12-11-2020PE14150.00,0,0,0.0,0,0,0.0,0.0,0.0,7875,6375,1500,1350.6,4875,1565.1,12690.8
98,14200,12-Nov-2020,NIFTY,OPTIDXNIFTY12-11-2020CE14200.00,0,0,0.0,0,0,0.0,0.0,0.0,0,62100,0,0.0,75,0.15,12690.8,12-Nov-2020,NIFTY,OPTIDXNIFTY12-11-2020PE14200.00,0,0,0.0,0,0,0.0,0.0,0.0,8850,7350,975,1483.9,975,1538.2,12690.8
99,14250,12-Nov-2020,NIFTY,OPTIDXNIFTY12-11-2020CE14250.00,0,0,0.0,0,0,0.0,0.0,0.0,0,68400,0,0.0,3000,0.2,12690.8,12-Nov-2020,NIFTY,OPTIDXNIFTY12-11-2020PE14250.00,0,0,0.0,0,0,0.0,0.0,0.0,7875,6375,1500,1466.9,1500,1654.8,12690.8
